{
  "rows_total": 44679,
  "rows_train": 35743,
  "rows_test": 8936,
  "class_distribution": {
    "real": 21211,
    "fake": 23468
  },
  "best_model": "linear_svc_calibrated",
  "best_cv_f1": 0.9998934782019573,
  "cv_summary": {
    "logreg": {
      "fold_f1_scores": [
        0.9994405817949332,
        0.9994404029099049,
        0.9991207737191272
      ],
      "mean_f1": 0.9993339194746551,
      "std_f1": 0.00015071682680804432
    },
    "linear_svc_calibrated": {
      "fold_f1_scores": [
        0.9999201086522329,
        0.999920095884938,
        0.999840230068701
      ],
      "mean_f1": 0.9998934782019573,
      "std_f1": 3.765211647180928e-05
    },
    "sgd_logloss": {
      "fold_f1_scores": [
        0.9995205369985616,
        0.9994404029099049,
        0.9991207737191272
      ],
      "mean_f1": 0.9993605712091979,
      "std_f1": 0.00017268950021036067
    }
  },
  "test_metrics": {
    "threshold": 0.5,
    "accuracy": 0.9993285586392122,
    "balanced_accuracy": 0.9993495362683751,
    "precision": 0.9997867803837953,
    "recall": 0.9989348103962505,
    "f1": 0.9993606138107417,
    "mcc": 0.9986541360004184,
    "roc_auc": 0.9999993973467588,
    "pr_auc": 0.9999994548552225,
    "log_loss": 0.0014551313952786702,
    "brier_score": 0.00039130041956780137,
    "best_f1_threshold": 0.31856424671745504,
    "best_f1_at_best_threshold": 0.9998934923847055,
    "confusion_matrix": {
      "tn": 4241,
      "fp": 1,
      "fn": 5,
      "tp": 4689
    },
    "classification_report": {
      "REAL": {
        "precision": 0.9988224211022139,
        "recall": 0.9997642621404997,
        "f1-score": 0.9992931196983977,
        "support": 4242.0
      },
      "FAKE": {
        "precision": 0.9997867803837953,
        "recall": 0.9989348103962505,
        "f1-score": 0.9993606138107417,
        "support": 4694.0
      },
      "accuracy": 0.9993285586392122,
      "macro avg": {
        "precision": 0.9993046007430046,
        "recall": 0.9993495362683751,
        "f1-score": 0.9993268667545697,
        "support": 8936.0
      },
      "weighted avg": {
        "precision": 0.9993289903130177,
        "recall": 0.9993285586392122,
        "f1-score": 0.9993285737453252,
        "support": 8936.0
      }
    }
  }
}